{"TLoss": 5.467816352844238, "_timestamp": 1737247612.2004237, "_runtime": 5220.981245756149, "_step": 7768, "Validation Loss": 5.718043588065162, "Training Loss": 5.637020254213774, "Greedy Vloss": 200.01249027252197, "_wandb": {"runtime": 5229}}