{"TLoss": 5.097716331481934, "_timestamp": 1737292839.8330321, "_runtime": 9700.515930175781, "_step": 14655, "Validation Loss": 5.4259438749604625, "Training Loss": 5.122538378108917, "Greedy Vloss": 241.0882956981659, "_wandb": {"runtime": 9713}}