{"TLoss": 6.9807634353637695, "_timestamp": 1737644409.760692, "_runtime": 1731.2259547710419, "_step": 2598, "Validation Loss": 7.098275762473421, "Training Loss": 7.184166258150827, "Greedy Vloss": 179.31217408180237}