{"TLoss": 6.210273742675781, "_timestamp": 1736956465.35942, "_runtime": 1190.1871011257172, "_step": 1818, "_wandb": {"runtime": 2048}}