{"TLoss": 6.03884220123291, "_timestamp": 1736959833.9146354, "_runtime": 2481.1016495227814, "_step": 3643, "Validation Loss": 6.071069343923935, "Training Loss": 6.150359849735824, "_wandb": {"runtime": 2485}}