{"TLoss": 4.479312896728516, "_timestamp": 1737494038.3930142, "_runtime": 19375.98664522171, "_step": 27298, "Validation Loss": 5.538458948652146, "Training Loss": 4.3093238932015545, "Greedy Vloss": 179.9401412010193, "_wandb": {"runtime": 19425}}