{"TLoss": 7.10194730758667, "_timestamp": 1737670046.742739, "_runtime": 2569.4870829582214, "_step": 3642, "Validation Loss": NaN, "Training Loss": 7.173761261368008, "Greedy Vloss": NaN}